ts,pid,cpu_perc,rss_mb,command
1783373666,11711,0.1,2592.9,/opt/homebrew/Cellar/ollama/0.31.1/libexec/lib/ollama/llama-server
1783373666,58925,0.0,48.8,/opt/homebrew/opt/ollama/bin/ollama
1783373668,11711,2.4,2616.1,/opt/homebrew/Cellar/ollama/0.31.1/libexec/lib/ollama/llama-server
1783373668,58925,0.0,48.8,/opt/homebrew/opt/ollama/bin/ollama
1783373670,11711,0.0,2628.4,/opt/homebrew/Cellar/ollama/0.31.1/libexec/lib/ollama/llama-server
1783373670,58925,0.0,48.8,/opt/homebrew/opt/ollama/bin/ollama
1783373672,11711,0.0,2634.5,/opt/homebrew/Cellar/ollama/0.31.1/libexec/lib/ollama/llama-server
1783373672,58925,0.0,48.8,/opt/homebrew/opt/ollama/bin/ollama
1783373674,11711,3.9,2634.6,/opt/homebrew/Cellar/ollama/0.31.1/libexec/lib/ollama/llama-server
1783373674,58925,0.1,48.8,/opt/homebrew/opt/ollama/bin/ollama
1783373676,11711,0.7,3187.3,/opt/homebrew/Cellar/ollama/0.31.1/libexec/lib/ollama/llama-server
1783373676,58925,0.2,48.9,/opt/homebrew/opt/ollama/bin/ollama
1783373678,11711,0.1,3187.3,/opt/homebrew/Cellar/ollama/0.31.1/libexec/lib/ollama/llama-server
1783373678,58925,0.0,48.9,/opt/homebrew/opt/ollama/bin/ollama
1783373680,11711,0.1,3187.5,/opt/homebrew/Cellar/ollama/0.31.1/libexec/lib/ollama/llama-server
1783373680,58925,1.1,48.9,/opt/homebrew/opt/ollama/bin/ollama
1783373682,11711,5.3,3187.5,/opt/homebrew/Cellar/ollama/0.31.1/libexec/lib/ollama/llama-server
1783373682,58925,0.1,48.9,/opt/homebrew/opt/ollama/bin/ollama
1783373684,11711,6.0,3187.6,/opt/homebrew/Cellar/ollama/0.31.1/libexec/lib/ollama/llama-server
1783373684,58925,0.2,48.9,/opt/homebrew/opt/ollama/bin/ollama
1783373686,11711,6.2,3187.7,/opt/homebrew/Cellar/ollama/0.31.1/libexec/lib/ollama/llama-server
1783373686,58925,0.2,48.9,/opt/homebrew/opt/ollama/bin/ollama
1783373688,11711,5.4,3187.7,/opt/homebrew/Cellar/ollama/0.31.1/libexec/lib/ollama/llama-server
1783373688,58925,0.2,48.9,/opt/homebrew/opt/ollama/bin/ollama
1783373690,11711,6.0,3187.7,/opt/homebrew/Cellar/ollama/0.31.1/libexec/lib/ollama/llama-server
1783373690,58925,0.2,48.9,/opt/homebrew/opt/ollama/bin/ollama
1783373692,11711,5.8,3187.8,/opt/homebrew/Cellar/ollama/0.31.1/libexec/lib/ollama/llama-server
1783373692,58925,0.1,48.9,/opt/homebrew/opt/ollama/bin/ollama
1783373694,11711,5.5,3187.8,/opt/homebrew/Cellar/ollama/0.31.1/libexec/lib/ollama/llama-server
1783373694,58925,0.2,48.9,/opt/homebrew/opt/ollama/bin/ollama
1783373696,11711,5.7,3187.8,/opt/homebrew/Cellar/ollama/0.31.1/libexec/lib/ollama/llama-server
1783373696,58925,0.2,48.9,/opt/homebrew/opt/ollama/bin/ollama
1783373698,11711,6.6,3187.8,/opt/homebrew/Cellar/ollama/0.31.1/libexec/lib/ollama/llama-server
1783373698,58925,0.3,48.9,/opt/homebrew/opt/ollama/bin/ollama
1783373700,11711,6.9,3187.8,/opt/homebrew/Cellar/ollama/0.31.1/libexec/lib/ollama/llama-server
1783373700,58925,0.3,48.9,/opt/homebrew/opt/ollama/bin/ollama
1783373703,11711,6.7,3187.8,/opt/homebrew/Cellar/ollama/0.31.1/libexec/lib/ollama/llama-server
1783373703,58925,0.3,48.9,/opt/homebrew/opt/ollama/bin/ollama
1783373705,11711,5.5,3187.8,/opt/homebrew/Cellar/ollama/0.31.1/libexec/lib/ollama/llama-server
1783373705,58925,0.1,48.9,/opt/homebrew/opt/ollama/bin/ollama
1783373707,11711,5.5,3187.8,/opt/homebrew/Cellar/ollama/0.31.1/libexec/lib/ollama/llama-server
1783373707,58925,0.1,48.9,/opt/homebrew/opt/ollama/bin/ollama
1783373709,11711,5.6,3187.8,/opt/homebrew/Cellar/ollama/0.31.1/libexec/lib/ollama/llama-server
1783373709,58925,0.1,48.9,/opt/homebrew/opt/ollama/bin/ollama
1783373711,11711,6.5,3187.8,/opt/homebrew/Cellar/ollama/0.31.1/libexec/lib/ollama/llama-server
1783373711,58925,0.2,48.9,/opt/homebrew/opt/ollama/bin/ollama
1783373713,11711,6.7,3187.8,/opt/homebrew/Cellar/ollama/0.31.1/libexec/lib/ollama/llama-server
1783373713,58925,0.4,48.9,/opt/homebrew/opt/ollama/bin/ollama
1783373715,11711,6.3,3187.8,/opt/homebrew/Cellar/ollama/0.31.1/libexec/lib/ollama/llama-server
1783373715,58925,0.3,48.9,/opt/homebrew/opt/ollama/bin/ollama
1783373717,11711,6.4,3187.8,/opt/homebrew/Cellar/ollama/0.31.1/libexec/lib/ollama/llama-server
1783373717,58925,0.3,48.9,/opt/homebrew/opt/ollama/bin/ollama
1783373719,11711,5.5,3187.8,/opt/homebrew/Cellar/ollama/0.31.1/libexec/lib/ollama/llama-server
1783373719,58925,0.2,48.9,/opt/homebrew/opt/ollama/bin/ollama
1783373721,11711,6.1,3187.9,/opt/homebrew/Cellar/ollama/0.31.1/libexec/lib/ollama/llama-server
1783373721,58925,0.3,48.9,/opt/homebrew/opt/ollama/bin/ollama
1783373723,11711,6.4,3187.9,/opt/homebrew/Cellar/ollama/0.31.1/libexec/lib/ollama/llama-server
1783373723,58925,0.4,48.9,/opt/homebrew/opt/ollama/bin/ollama
1783373725,11711,1.3,3732.1,/opt/homebrew/Cellar/ollama/0.31.1/libexec/lib/ollama/llama-server
1783373725,58925,0.0,41.8,/opt/homebrew/opt/ollama/bin/ollama
1783373727,11711,0.1,3725.9,/opt/homebrew/Cellar/ollama/0.31.1/libexec/lib/ollama/llama-server
1783373727,58925,0.0,41.5,/opt/homebrew/opt/ollama/bin/ollama
1783373729,11711,0.5,3722.9,/opt/homebrew/Cellar/ollama/0.31.1/libexec/lib/ollama/llama-server
1783373729,58925,1.4,42.2,/opt/homebrew/opt/ollama/bin/ollama
1783373731,11711,6.2,3722.7,/opt/homebrew/Cellar/ollama/0.31.1/libexec/lib/ollama/llama-server
1783373731,58925,0.3,42.2,/opt/homebrew/opt/ollama/bin/ollama
1783373733,11711,6.2,3722.7,/opt/homebrew/Cellar/ollama/0.31.1/libexec/lib/ollama/llama-server
1783373733,58925,0.2,42.2,/opt/homebrew/opt/ollama/bin/ollama
1783373735,11711,6.7,3722.7,/opt/homebrew/Cellar/ollama/0.31.1/libexec/lib/ollama/llama-server
1783373735,58925,0.3,42.2,/opt/homebrew/opt/ollama/bin/ollama
1783373737,11711,6.3,3717.6,/opt/homebrew/Cellar/ollama/0.31.1/libexec/lib/ollama/llama-server
1783373737,58925,0.3,42.2,/opt/homebrew/opt/ollama/bin/ollama
1783373739,11711,6.0,3717.4,/opt/homebrew/Cellar/ollama/0.31.1/libexec/lib/ollama/llama-server
1783373739,58925,0.2,42.2,/opt/homebrew/opt/ollama/bin/ollama
1783373741,11711,5.8,3609.5,/opt/homebrew/Cellar/ollama/0.31.1/libexec/lib/ollama/llama-server
1783373741,58925,0.2,42.0,/opt/homebrew/opt/ollama/bin/ollama
1783373743,11711,5.7,3609.5,/opt/homebrew/Cellar/ollama/0.31.1/libexec/lib/ollama/llama-server
1783373743,58925,0.2,42.0,/opt/homebrew/opt/ollama/bin/ollama
1783373745,11711,5.4,3609.6,/opt/homebrew/Cellar/ollama/0.31.1/libexec/lib/ollama/llama-server
1783373745,58925,0.2,42.0,/opt/homebrew/opt/ollama/bin/ollama
1783373747,11711,6.0,3609.6,/opt/homebrew/Cellar/ollama/0.31.1/libexec/lib/ollama/llama-server
1783373747,58925,0.2,42.0,/opt/homebrew/opt/ollama/bin/ollama
1783373749,11711,6.6,3609.6,/opt/homebrew/Cellar/ollama/0.31.1/libexec/lib/ollama/llama-server
1783373749,58925,0.4,42.0,/opt/homebrew/opt/ollama/bin/ollama
1783373752,11711,5.9,3609.6,/opt/homebrew/Cellar/ollama/0.31.1/libexec/lib/ollama/llama-server
1783373752,58925,0.2,42.0,/opt/homebrew/opt/ollama/bin/ollama
1783373754,11711,5.5,3609.6,/opt/homebrew/Cellar/ollama/0.31.1/libexec/lib/ollama/llama-server
1783373754,58925,0.2,42.0,/opt/homebrew/opt/ollama/bin/ollama
1783373756,11711,6.9,3609.6,/opt/homebrew/Cellar/ollama/0.31.1/libexec/lib/ollama/llama-server
1783373756,58925,0.5,42.0,/opt/homebrew/opt/ollama/bin/ollama
1783373758,11711,6.0,3609.6,/opt/homebrew/Cellar/ollama/0.31.1/libexec/lib/ollama/llama-server
1783373758,58925,0.3,42.0,/opt/homebrew/opt/ollama/bin/ollama
1783373760,11711,7.3,3602.8,/opt/homebrew/Cellar/ollama/0.31.1/libexec/lib/ollama/llama-server
1783373760,58925,0.5,32.8,/opt/homebrew/opt/ollama/bin/ollama
1783373762,11711,5.5,3602.7,/opt/homebrew/Cellar/ollama/0.31.1/libexec/lib/ollama/llama-server
1783373762,58925,0.1,32.6,/opt/homebrew/opt/ollama/bin/ollama
1783373764,11711,6.2,3602.7,/opt/homebrew/Cellar/ollama/0.31.1/libexec/lib/ollama/llama-server
1783373764,58925,0.3,32.6,/opt/homebrew/opt/ollama/bin/ollama
1783373766,11711,5.7,3602.7,/opt/homebrew/Cellar/ollama/0.31.1/libexec/lib/ollama/llama-server
1783373766,58925,0.2,32.6,/opt/homebrew/opt/ollama/bin/ollama
1783373768,11711,17.4,4136.3,/opt/homebrew/Cellar/ollama/0.31.1/libexec/lib/ollama/llama-server
1783373768,58925,11.5,35.1,/opt/homebrew/opt/ollama/bin/ollama
1783373770,11711,0.8,4136.6,/opt/homebrew/Cellar/ollama/0.31.1/libexec/lib/ollama/llama-server
1783373770,58925,4.0,35.7,/opt/homebrew/opt/ollama/bin/ollama
1783373772,11711,6.9,4136.6,/opt/homebrew/Cellar/ollama/0.31.1/libexec/lib/ollama/llama-server
1783373772,58925,0.3,35.7,/opt/homebrew/opt/ollama/bin/ollama
1783373774,11711,8.3,4136.4,/opt/homebrew/Cellar/ollama/0.31.1/libexec/lib/ollama/llama-server
1783373774,58925,0.6,33.0,/opt/homebrew/opt/ollama/bin/ollama
1783373776,11711,7.6,4136.3,/opt/homebrew/Cellar/ollama/0.31.1/libexec/lib/ollama/llama-server
1783373776,58925,0.5,32.8,/opt/homebrew/opt/ollama/bin/ollama
1783373778,11711,7.2,4136.3,/opt/homebrew/Cellar/ollama/0.31.1/libexec/lib/ollama/llama-server
1783373778,58925,0.3,32.8,/opt/homebrew/opt/ollama/bin/ollama
1783373780,11711,7.7,4136.3,/opt/homebrew/Cellar/ollama/0.31.1/libexec/lib/ollama/llama-server
1783373780,58925,0.5,32.7,/opt/homebrew/opt/ollama/bin/ollama
1783373782,11711,2.1,4369.2,/opt/homebrew/Cellar/ollama/0.31.1/libexec/lib/ollama/llama-server
1783373782,58925,0.1,34.8,/opt/homebrew/opt/ollama/bin/ollama
1783373784,11711,0.1,4369.2,/opt/homebrew/Cellar/ollama/0.31.1/libexec/lib/ollama/llama-server
1783373784,58925,0.0,34.7,/opt/homebrew/opt/ollama/bin/ollama
1783373786,11711,0.4,4369.5,/opt/homebrew/Cellar/ollama/0.31.1/libexec/lib/ollama/llama-server
1783373786,58925,1.6,34.8,/opt/homebrew/opt/ollama/bin/ollama
1783373788,11711,5.4,4369.5,/opt/homebrew/Cellar/ollama/0.31.1/libexec/lib/ollama/llama-server
1783373788,58925,0.2,34.8,/opt/homebrew/opt/ollama/bin/ollama
1783373790,11711,5.7,4369.5,/opt/homebrew/Cellar/ollama/0.31.1/libexec/lib/ollama/llama-server
1783373790,58925,0.2,34.8,/opt/homebrew/opt/ollama/bin/ollama
1783373792,11711,5.7,4369.5,/opt/homebrew/Cellar/ollama/0.31.1/libexec/lib/ollama/llama-server
1783373792,58925,0.2,34.8,/opt/homebrew/opt/ollama/bin/ollama
1783373794,11711,6.2,4369.5,/opt/homebrew/Cellar/ollama/0.31.1/libexec/lib/ollama/llama-server
1783373794,58925,0.5,34.8,/opt/homebrew/opt/ollama/bin/ollama
1783373796,11711,6.4,4369.5,/opt/homebrew/Cellar/ollama/0.31.1/libexec/lib/ollama/llama-server
1783373796,58925,0.3,34.8,/opt/homebrew/opt/ollama/bin/ollama
1783373798,11711,6.6,3834.8,/opt/homebrew/Cellar/ollama/0.31.1/libexec/lib/ollama/llama-server
1783373798,58925,0.3,24.5,/opt/homebrew/opt/ollama/bin/ollama
1783373801,11711,6.7,3313.8,/opt/homebrew/Cellar/ollama/0.31.1/libexec/lib/ollama/llama-server
1783373801,58925,0.4,18.8,/opt/homebrew/opt/ollama/bin/ollama
1783373803,11711,5.8,3143.7,/opt/homebrew/Cellar/ollama/0.31.1/libexec/lib/ollama/llama-server
1783373803,58925,0.2,19.0,/opt/homebrew/opt/ollama/bin/ollama
1783373805,11711,6.6,3144.0,/opt/homebrew/Cellar/ollama/0.31.1/libexec/lib/ollama/llama-server
1783373805,58925,0.3,19.3,/opt/homebrew/opt/ollama/bin/ollama
1783373807,11711,6.3,3144.1,/opt/homebrew/Cellar/ollama/0.31.1/libexec/lib/ollama/llama-server
1783373807,58925,0.4,18.9,/opt/homebrew/opt/ollama/bin/ollama
1783373809,11711,6.1,3144.3,/opt/homebrew/Cellar/ollama/0.31.1/libexec/lib/ollama/llama-server
1783373809,58925,0.2,19.1,/opt/homebrew/opt/ollama/bin/ollama
1783373811,11711,5.6,3144.3,/opt/homebrew/Cellar/ollama/0.31.1/libexec/lib/ollama/llama-server
1783373811,58925,0.2,19.4,/opt/homebrew/opt/ollama/bin/ollama
1783373813,11711,6.3,3144.4,/opt/homebrew/Cellar/ollama/0.31.1/libexec/lib/ollama/llama-server
1783373813,58925,0.3,19.5,/opt/homebrew/opt/ollama/bin/ollama
1783373815,11711,6.0,3144.4,/opt/homebrew/Cellar/ollama/0.31.1/libexec/lib/ollama/llama-server
1783373815,58925,0.2,19.5,/opt/homebrew/opt/ollama/bin/ollama
1783373817,11711,5.9,3144.4,/opt/homebrew/Cellar/ollama/0.31.1/libexec/lib/ollama/llama-server
1783373817,58925,0.2,19.7,/opt/homebrew/opt/ollama/bin/ollama
1783373819,11711,5.6,3144.5,/opt/homebrew/Cellar/ollama/0.31.1/libexec/lib/ollama/llama-server
1783373819,58925,0.1,19.8,/opt/homebrew/opt/ollama/bin/ollama
1783373821,11711,6.1,3144.5,/opt/homebrew/Cellar/ollama/0.31.1/libexec/lib/ollama/llama-server
1783373821,58925,0.3,29.0,/opt/homebrew/opt/ollama/bin/ollama
1783373823,11711,6.0,3017.2,/opt/homebrew/Cellar/ollama/0.31.1/libexec/lib/ollama/llama-server
1783373823,58925,0.2,29.0,/opt/homebrew/opt/ollama/bin/ollama
1783373825,11711,5.6,3017.2,/opt/homebrew/Cellar/ollama/0.31.1/libexec/lib/ollama/llama-server
1783373825,58925,0.2,29.0,/opt/homebrew/opt/ollama/bin/ollama
1783373827,11711,6.1,2855.5,/opt/homebrew/Cellar/ollama/0.31.1/libexec/lib/ollama/llama-server
1783373827,58925,0.3,28.1,/opt/homebrew/opt/ollama/bin/ollama
1783373829,11711,6.0,2828.0,/opt/homebrew/Cellar/ollama/0.31.1/libexec/lib/ollama/llama-server
1783373829,58925,0.4,28.2,/opt/homebrew/opt/ollama/bin/ollama
1783373831,11711,0.8,3159.2,/opt/homebrew/Cellar/ollama/0.31.1/libexec/lib/ollama/llama-server
1783373831,58925,1.6,34.5,/opt/homebrew/opt/ollama/bin/ollama
1783373833,11711,0.1,3160.7,/opt/homebrew/Cellar/ollama/0.31.1/libexec/lib/ollama/llama-server
1783373833,58925,0.0,33.7,/opt/homebrew/opt/ollama/bin/ollama
1783373835,11711,0.0,3159.8,/opt/homebrew/Cellar/ollama/0.31.1/libexec/lib/ollama/llama-server
1783373835,58925,0.0,32.6,/opt/homebrew/opt/ollama/bin/ollama
1783373837,11711,8.0,3712.6,/opt/homebrew/Cellar/ollama/0.31.1/libexec/lib/ollama/llama-server
1783373837,58925,5.7,34.1,/opt/homebrew/opt/ollama/bin/ollama
1783373839,11711,0.0,3712.6,/opt/homebrew/Cellar/ollama/0.31.1/libexec/lib/ollama/llama-server
1783373839,58925,0.0,34.1,/opt/homebrew/opt/ollama/bin/ollama
1783373841,11711,5.8,3712.7,/opt/homebrew/Cellar/ollama/0.31.1/libexec/lib/ollama/llama-server
1783373841,58925,0.2,34.1,/opt/homebrew/opt/ollama/bin/ollama
1783373843,11711,6.3,3712.8,/opt/homebrew/Cellar/ollama/0.31.1/libexec/lib/ollama/llama-server
1783373843,58925,0.2,34.1,/opt/homebrew/opt/ollama/bin/ollama
1783373846,11711,5.7,3712.9,/opt/homebrew/Cellar/ollama/0.31.1/libexec/lib/ollama/llama-server
1783373846,58925,0.2,34.1,/opt/homebrew/opt/ollama/bin/ollama
1783373848,11711,6.6,3383.7,/opt/homebrew/Cellar/ollama/0.31.1/libexec/lib/ollama/llama-server
1783373848,58925,0.4,30.9,/opt/homebrew/opt/ollama/bin/ollama
1783373850,11711,6.4,2905.5,/opt/homebrew/Cellar/ollama/0.31.1/libexec/lib/ollama/llama-server
1783373850,58925,0.3,29.9,/opt/homebrew/opt/ollama/bin/ollama
1783373852,11711,7.2,2591.8,/opt/homebrew/Cellar/ollama/0.31.1/libexec/lib/ollama/llama-server
1783373852,58925,0.5,25.3,/opt/homebrew/opt/ollama/bin/ollama
1783373854,11711,6.4,2592.2,/opt/homebrew/Cellar/ollama/0.31.1/libexec/lib/ollama/llama-server
1783373854,58925,0.3,26.0,/opt/homebrew/opt/ollama/bin/ollama
1783373856,11711,5.7,2592.8,/opt/homebrew/Cellar/ollama/0.31.1/libexec/lib/ollama/llama-server
1783373856,58925,0.2,26.2,/opt/homebrew/opt/ollama/bin/ollama
1783373858,11711,6.3,2592.9,/opt/homebrew/Cellar/ollama/0.31.1/libexec/lib/ollama/llama-server
1783373858,58925,0.2,26.5,/opt/homebrew/opt/ollama/bin/ollama
1783373860,11711,5.2,2592.9,/opt/homebrew/Cellar/ollama/0.31.1/libexec/lib/ollama/llama-server
1783373860,58925,0.1,26.5,/opt/homebrew/opt/ollama/bin/ollama
1783373862,11711,5.8,2596.5,/opt/homebrew/Cellar/ollama/0.31.1/libexec/lib/ollama/llama-server
1783373862,58925,0.2,34.4,/opt/homebrew/opt/ollama/bin/ollama
1783373864,11711,5.3,2596.5,/opt/homebrew/Cellar/ollama/0.31.1/libexec/lib/ollama/llama-server
1783373864,58925,0.1,34.4,/opt/homebrew/opt/ollama/bin/ollama
1783373866,11711,5.4,2596.5,/opt/homebrew/Cellar/ollama/0.31.1/libexec/lib/ollama/llama-server
1783373866,58925,0.1,34.4,/opt/homebrew/opt/ollama/bin/ollama
1783373868,11711,6.0,2596.0,/opt/homebrew/Cellar/ollama/0.31.1/libexec/lib/ollama/llama-server
1783373868,58925,0.2,29.1,/opt/homebrew/opt/ollama/bin/ollama
1783373870,11711,5.2,2596.0,/opt/homebrew/Cellar/ollama/0.31.1/libexec/lib/ollama/llama-server
1783373870,58925,0.1,29.1,/opt/homebrew/opt/ollama/bin/ollama
1783373872,11711,5.8,2596.0,/opt/homebrew/Cellar/ollama/0.31.1/libexec/lib/ollama/llama-server
1783373872,58925,0.2,29.1,/opt/homebrew/opt/ollama/bin/ollama
1783373874,11711,5.4,2595.9,/opt/homebrew/Cellar/ollama/0.31.1/libexec/lib/ollama/llama-server
1783373874,58925,0.2,29.1,/opt/homebrew/opt/ollama/bin/ollama
1783373876,11711,5.2,2595.9,/opt/homebrew/Cellar/ollama/0.31.1/libexec/lib/ollama/llama-server
1783373876,58925,0.1,29.1,/opt/homebrew/opt/ollama/bin/ollama
1783373878,11711,5.1,2595.9,/opt/homebrew/Cellar/ollama/0.31.1/libexec/lib/ollama/llama-server
1783373878,58925,0.1,29.1,/opt/homebrew/opt/ollama/bin/ollama
1783373880,11711,6.3,2595.6,/opt/homebrew/Cellar/ollama/0.31.1/libexec/lib/ollama/llama-server
1783373880,58925,0.4,28.3,/opt/homebrew/opt/ollama/bin/ollama
1783373882,11711,5.8,2589.6,/opt/homebrew/Cellar/ollama/0.31.1/libexec/lib/ollama/llama-server
1783373882,58925,0.2,27.5,/opt/homebrew/opt/ollama/bin/ollama
1783373884,11711,6.3,3189.0,/opt/homebrew/Cellar/ollama/0.31.1/libexec/lib/ollama/llama-server
1783373884,58925,0.2,34.3,/opt/homebrew/opt/ollama/bin/ollama
1783373886,11711,0.4,3207.2,/opt/homebrew/Cellar/ollama/0.31.1/libexec/lib/ollama/llama-server
1783373886,58925,0.0,34.5,/opt/homebrew/opt/ollama/bin/ollama
1783373888,11711,0.0,3198.1,/opt/homebrew/Cellar/ollama/0.31.1/libexec/lib/ollama/llama-server
1783373888,58925,0.0,34.5,/opt/homebrew/opt/ollama/bin/ollama
1783373890,11711,0.0,3198.1,/opt/homebrew/Cellar/ollama/0.31.1/libexec/lib/ollama/llama-server
1783373890,58925,0.0,34.5,/opt/homebrew/opt/ollama/bin/ollama
